,LOS ANGLES,,,ATLANTA,,,WASHANGTON,,,NEW YORK,,,SEATEL
2015/1/1,11284,,2015/1/1,65145,,2015/1/1,2196,,2015/1/1,19452,,2015/1/1,5136
2015/1/2,15418,,2015/1/2,94584,,2015/1/2,3093,,2015/1/2,25512,,2015/1/2,7273
2015/1/3,13835,,2015/1/3,83493,,2015/1/3,2477,,2015/1/3,22200,,2015/1/3,7190
2015/1/4,14660,,2015/1/4,94283,,2015/1/4,2909,,2015/1/4,24565,,2015/1/4,7347
2015/1/5,13206,,2015/1/5,98617,,2015/1/5,3553,,2015/1/5,23419,,2015/1/5,5985
2015/1/6,12545,,2015/1/6,92404,,2015/1/6,3727,,2015/1/6,21658,,2015/1/6,5774
2015/1/7,13052,,2015/1/7,94782,,2015/1/7,3985,,2015/1/7,21568,,2015/1/7,5728
2015/1/8,13328,,2015/1/8,98393,,2015/1/8,3835,,2015/1/8,22964,,2015/1/8,5782
2015/1/9,13306,,2015/1/9,98565,,2015/1/9,3582,,2015/1/9,22923,,2015/1/9,5785
2015/1/10,11557,,2015/1/10,74489,,2015/1/10,2303,,2015/1/10,15562,,2015/1/10,5262
2015/1/11,12635,,2015/1/11,93175,,2015/1/11,3344,,2015/1/11,21916,,2015/1/11,5600
2015/1/12,13257,,2015/1/12,101799,,2015/1/12,3829,,2015/1/12,23832,,2015/1/12,5710
2015/1/13,13480,,2015/1/13,93238,,2015/1/13,4024,,2015/1/13,21347,,2015/1/13,5763
2015/1/14,13270,,2015/1/14,97235,,2015/1/14,4236,,2015/1/14,21330,,2015/1/14,5398
2015/1/15,13601,,2015/1/15,101812,,2015/1/15,4206,,2015/1/15,23683,,2015/1/15,5789
2015/1/16,13558,,2015/1/16,102127,,2015/1/16,4159,,2015/1/16,23668,,2015/1/16,5960
2015/1/17,10792,,2015/1/17,70772,,2015/1/17,1725,,2015/1/17,14292,,2015/1/17,4719
2015/1/18,11736,,2015/1/18,82242,,2015/1/18,2459,,2015/1/18,17078,,2015/1/18,5016
2015/1/19,13257,,2015/1/19,102125,,2015/1/19,3764,,2015/1/19,23753,,2015/1/19,6185
2015/1/20,13099,,2015/1/20,93021,,2015/1/20,4111,,2015/1/20,21327,,2015/1/20,5594
2015/1/21,13331,,2015/1/21,97476,,2015/1/21,4389,,2015/1/21,21383,,2015/1/21,5601
2015/1/22,13505,,2015/1/22,101517,,2015/1/22,4274,,2015/1/22,23690,,2015/1/22,5796
2015/1/23,13444,,2015/1/23,101911,,2015/1/23,4286,,2015/1/23,23469,,2015/1/23,5974
2015/1/24,11418,,2015/1/24,74773,,2015/1/24,2303,,2015/1/24,15507,,2015/1/24,5229
2015/1/25,12856,,2015/1/25,95242,,2015/1/25,3719,,2015/1/25,21829,,2015/1/25,5796
2015/1/26,13271,,2015/1/26,101813,,2015/1/26,3903,,2015/1/26,24286,,2015/1/26,5950
2015/1/27,13102,,2015/1/27,93391,,2015/1/27,4191,,2015/1/27,21055,,2015/1/27,5716
2015/1/28,#N/A,,2015/1/28,#N/A,,2015/1/28,4273,,2015/1/28,#N/A,,2015/1/28,5583
2015/1/29,13601,,2015/1/29,101934,,2015/1/29,4239,,2015/1/29,23672,,2015/1/29,5752
2015/1/30,13427,,2015/1/30,102021,,2015/1/30,4239,,2015/1/30,23709,,2015/1/30,6007
2015/1/31,10004,,2015/1/31,68523,,2015/1/31,2002,,2015/1/31,14566,,2015/1/31,5093
2015/2/1,11346,,2015/2/1,79146,,2015/2/1,2902,,2015/2/1,17664,,2015/2/1,4791
2015/2/2,13260,,2015/2/2,102806,,2015/2/2,3808,,2015/2/2,24042,,2015/2/2,5971
2015/2/3,12972,,2015/2/3,93852,,2015/2/3,4101,,2015/2/3,21318,,2015/2/3,5756
2015/2/4,13472,,2015/2/4,98426,,2015/2/4,4247,,2015/2/4,21356,,2015/2/4,5502
2015/2/5,13401,,2015/2/5,102485,,2015/2/5,4097,,2015/2/5,23814,,2015/2/5,5789
2015/2/6,13405,,2015/2/6,102394,,2015/2/6,4097,,2015/2/6,23675,,2015/2/6,5963
2015/2/7,11435,,2015/2/7,75457,,2015/2/7,2383,,2015/2/7,15619,,2015/2/7,5392
2015/2/8,13146,,2015/2/8,95657,,2015/2/8,3519,,2015/2/8,21583,,2015/2/8,5829
2015/2/9,13016,,2015/2/9,102914,,2015/2/9,3804,,2015/2/9,23556,,2015/2/9,6018
2015/2/10,12968,,2015/2/10,94237,,2015/2/10,4099,,2015/2/10,21061,,2015/2/10,5917
2015/2/11,13364,,2015/2/11,98269,,2015/2/11,4247,,2015/2/11,21342,,2015/2/11,5308
2015/2/12,13163,,2015/2/12,102288,,2015/2/12,3992,,2015/2/12,23767,,2015/2/12,5974
2015/2/13,14756,,2015/2/13,103255,,2015/2/13,3940,,2015/2/13,25759,,2015/2/13,6268
2015/2/14,11080,,2015/2/14,70032,,2015/2/14,1740,,2015/2/14,17531,,2015/2/14,5499
2015/2/15,11298,,2015/2/15,86134,,2015/2/15,2925,,2015/2/15,19665,,2015/2/15,5696
2015/2/16,14343,,2015/2/16,104064,,2015/2/16,3942,,2015/2/16,25583,,2015/2/16,6277
2015/2/17,13721,,2015/2/17,103118,,2015/2/17,3794,,2015/2/17,24801,,2015/2/17,5877
2015/2/18,14103,,2015/2/18,102001,,2015/2/18,4161,,2015/2/18,25054,,2015/2/18,6062
2015/2/19,14351,,2015/2/19,103763,,2015/2/19,3979,,2015/2/19,25224,,2015/2/19,6284
2015/2/20,14449,,2015/2/20,104416,,2015/2/20,3988,,2015/2/20,25259,,2015/2/20,6284
2015/2/21,11382,,2015/2/21,77009,,2015/2/21,2441,,2015/2/21,19717,,2015/2/21,5343
2015/2/22,13536,,2015/2/22,98381,,2015/2/22,3476,,2015/2/22,22998,,2015/2/22,6088
2015/2/23,14446,,2015/2/23,104834,,2015/2/23,3976,,2015/2/23,25294,,2015/2/23,6436
2015/2/24,13609,,2015/2/24,103268,,2015/2/24,3794,,2015/2/24,25045,,2015/2/24,5886
2015/2/25,14165,,2015/2/25,103418,,2015/2/25,4125,,2015/2/25,25035,,2015/2/25,6055
2015/2/26,14313,,2015/2/26,104588,,2015/2/26,4013,,2015/2/26,25449,,2015/2/26,6284
2015/2/27,14458,,2015/2/27,103764,,2015/2/27,4019,,2015/2/27,25315,,2015/2/27,6420
2015/2/28,11309,,2015/2/28,76742,,2015/2/28,2450,,2015/2/28,19386,,2015/2/28,5495
2015/3/1,12968,,2015/3/1,97671,,2015/3/1,3536,,2015/3/1,22600,,2015/3/1,6048
2015/3/2,15336,,2015/3/2,105151,,2015/3/2,3812,,2015/3/2,25872,,2015/3/2,6884
2015/3/3,15094,,2015/3/3,104944,,2015/3/3,3776,,2015/3/3,24973,,2015/3/3,6310
2015/3/4,15556,,2015/3/4,105545,,2015/3/4,3780,,2015/3/4,25764,,2015/3/4,6194
2015/3/5,15565,,2015/3/5,106124,,2015/3/5,3740,,2015/3/5,25432,,2015/3/5,6658
2015/3/6,15717,,2015/3/6,106586,,2015/3/6,3740,,2015/3/6,25780,,2015/3/6,6893
2015/3/7,12242,,2015/3/7,88464,,2015/3/7,2718,,2015/3/7,20303,,2015/3/7,5429
2015/3/8,15248,,2015/3/8,103033,,2015/3/8,3310,,2015/3/8,23863,,2015/3/8,6436
2015/3/9,15259,,2015/3/9,105870,,2015/3/9,3739,,2015/3/9,25684,,2015/3/9,7080
2015/3/10,14964,,2015/3/10,104615,,2015/3/10,3740,,2015/3/10,24920,,2015/3/10,6506
2015/3/11,15673,,2015/3/11,105272,,2015/3/11,3783,,2015/3/11,25158,,2015/3/11,6407
2015/3/12,16030,,2015/3/12,106134,,2015/3/12,3922,,2015/3/12,25703,,2015/3/12,6702
2015/3/13,16245,,2015/3/13,106639,,2015/3/13,3664,,2015/3/13,26217,,2015/3/13,7043
2015/3/14,12282,,2015/3/14,88268,,2015/3/14,2718,,2015/3/14,20252,,2015/3/14,5473
2015/3/15,15292,,2015/3/15,102961,,2015/3/15,3274,,2015/3/15,24248,,2015/3/15,6436
2015/3/16,15252,,2015/3/16,106229,,2015/3/16,3922,,2015/3/16,25724,,2015/3/16,7193
2015/3/17,14949,,2015/3/17,104614,,2015/3/17,3922,,2015/3/17,24787,,2015/3/17,6539
2015/3/18,15381,,2015/3/18,104888,,2015/3/18,3780,,2015/3/18,25491,,2015/3/18,6358
2015/3/19,15719,,2015/3/19,106068,,2015/3/19,3812,,2015/3/19,25626,,2015/3/19,6651
2015/3/20,15741,,2015/3/20,106297,,2015/3/20,3703,,2015/3/20,26149,,2015/3/20,6891
2015/3/21,12286,,2015/3/21,88212,,2015/3/21,2682,,2015/3/21,20306,,2015/3/21,5630
2015/3/22,15252,,2015/3/22,103308,,2015/3/22,3274,,2015/3/22,24190,,2015/3/22,6544
2015/3/23,15205,,2015/3/23,106324,,2015/3/23,3700,,2015/3/23,25800,,2015/3/23,7036
2015/3/24,14918,,2015/3/24,104891,,2015/3/24,3885,,2015/3/24,24880,,2015/3/24,6388
2015/3/25,15425,,2015/3/25,106108,,2015/3/25,3769,,2015/3/25,25761,,2015/3/25,6414
2015/3/26,15518,,2015/3/26,105973,,2015/3/26,3743,,2015/3/26,25772,,2015/3/26,6695
2015/3/27,15507,,2015/3/27,106340,,2015/3/27,3885,,2015/3/27,26005,,2015/3/27,6900
2015/3/28,11884,,2015/3/28,88920,,2015/3/28,2718,,2015/3/28,20194,,2015/3/28,5564
2015/3/29,15148,,2015/3/29,103154,,2015/3/29,3419,,2015/3/29,23986,,2015/3/29,6632
2015/3/30,15225,,2015/3/30,105872,,2015/3/30,3740,,2015/3/30,25759,,2015/3/30,7080
2015/3/31,14942,,2015/3/31,104454,,2015/3/31,3885,,2015/3/31,24876,,2015/3/31,6506
2015/4/1,15271,,2015/4/1,105386,,2015/4/1,3880,,2015/4/1,25470,,2015/4/1,6469
2015/4/2,14921,,2015/4/2,106276,,2015/4/2,3627,,2015/4/2,26110,,2015/4/2,6695
2015/4/3,13855,,2015/4/3,106308,,2015/4/3,3266,,2015/4/3,25243,,2015/4/3,6555
2015/4/4,10779,,2015/4/4,78435,,2015/4/4,1968,,2015/4/4,18152,,2015/4/4,5396
2015/4/5,12866,,2015/4/5,93735,,2015/4/5,2841,,2015/4/5,21538,,2015/4/5,5959
2015/4/6,14514,,2015/4/6,106922,,2015/4/6,4060,,2015/4/6,25335,,2015/4/6,7014
2015/4/7,14987,,2015/4/7,107591,,2015/4/7,4393,,2015/4/7,25460,,2015/4/7,7437
2015/4/8,15787,,2015/4/8,106918,,2015/4/8,4534,,2015/4/8,24821,,2015/4/8,7908
2015/4/9,16072,,2015/4/9,108572,,2015/4/9,4426,,2015/4/9,24583,,2015/4/9,8028
2015/4/10,15842,,2015/4/10,108770,,2015/4/10,4423,,2015/4/10,24808,,2015/4/10,8035
2015/4/11,11568,,2015/4/11,89158,,2015/4/11,2910,,2015/4/11,18930,,2015/4/11,6430
2015/4/12,15167,,2015/4/12,105420,,2015/4/12,4095,,2015/4/12,23308,,2015/4/12,7278
2015/4/13,15320,,2015/4/13,108444,,2015/4/13,4422,,2015/4/13,24759,,2015/4/13,8173
2015/4/14,14744,,2015/4/14,106999,,2015/4/14,4393,,2015/4/14,24401,,2015/4/14,7815
2015/4/15,15100,,2015/4/15,106369,,2015/4/15,4386,,2015/4/15,24552,,2015/4/15,7879
2015/4/16,15949,,2015/4/16,108175,,2015/4/16,4469,,2015/4/16,24847,,2015/4/16,7890
2015/4/17,15881,,2015/4/17,108469,,2015/4/17,4513,,2015/4/17,24743,,2015/4/17,7947
2015/4/18,11606,,2015/4/18,88619,,2015/4/18,2946,,2015/4/18,18870,,2015/4/18,6479
2015/4/19,15109,,2015/4/19,105387,,2015/4/19,4102,,2015/4/19,22968,,2015/4/19,7523
2015/4/20,15476,,2015/4/20,108055,,2015/4/20,4386,,2015/4/20,25018,,2015/4/20,8068
2015/4/21,14839,,2015/4/21,107207,,2015/4/21,4466,,2015/4/21,24749,,2015/4/21,7815
2015/4/22,15153,,2015/4/22,106731,,2015/4/22,4386,,2015/4/22,24600,,2015/4/22,7879
2015/4/23,15921,,2015/4/23,108310,,2015/4/23,4465,,2015/4/23,24670,,2015/4/23,8011
2015/4/24,15901,,2015/4/24,108756,,2015/4/24,4419,,2015/4/24,24903,,2015/4/24,8199
2015/4/25,11627,,2015/4/25,88993,,2015/4/25,2910,,2015/4/25,18904,,2015/4/25,6430
2015/4/26,15128,,2015/4/26,105351,,2015/4/26,4055,,2015/4/26,22890,,2015/4/26,7557
2015/4/27,15466,,2015/4/27,109058,,2015/4/27,4386,,2015/4/27,24872,,2015/4/27,8250
2015/4/28,14708,,2015/4/28,107418,,2015/4/28,4502,,2015/4/28,24503,,2015/4/28,7893
2015/4/29,15173,,2015/4/29,107128,,2015/4/29,4486,,2015/4/29,24620,,2015/4/29,7701
2015/4/30,15322,,2015/4/30,108763,,2015/4/30,4593,,2015/4/30,25215,,2015/4/30,8287
2015/5/1,15872,,2015/5/1,110817,,2015/5/1,4420,,2015/5/1,25455,,2015/5/1,8767
2015/5/2,11538,,2015/5/2,90878,,2015/5/2,2958,,2015/5/2,19038,,2015/5/2,6832
2015/5/3,15773,,2015/5/3,108674,,2015/5/3,4333,,2015/5/3,23193,,2015/5/3,8666
2015/5/4,15766,,2015/5/4,110402,,2015/5/4,4466,,2015/5/4,25312,,2015/5/4,8888
2015/5/5,15240,,2015/5/5,109149,,2015/5/5,4452,,2015/5/5,24564,,2015/5/5,8312
2015/5/6,15785,,2015/5/6,108940,,2015/5/6,4604,,2015/5/6,24817,,2015/5/6,8475
2015/5/7,16001,,2015/5/7,109984,,2015/5/7,4459,,2015/5/7,25071,,2015/5/7,8888
2015/5/8,16076,,2015/5/8,110891,,2015/5/8,4601,,2015/5/8,25204,,2015/5/8,8888
2015/5/9,11182,,2015/5/9,84331,,2015/5/9,2620,,2015/5/9,17491,,2015/5/9,6936
2015/5/10,15525,,2015/5/10,100538,,2015/5/10,3916,,2015/5/10,20834,,2015/5/10,8619
2015/5/11,15647,,2015/5/11,111187,,2015/5/11,4495,,2015/5/11,25084,,2015/5/11,8883
2015/5/12,15532,,2015/5/12,109755,,2015/5/12,4459,,2015/5/12,24376,,2015/5/12,8127
2015/5/13,15762,,2015/5/13,109913,,2015/5/13,4604,,2015/5/13,24570,,2015/5/13,8330
2015/5/14,16076,,2015/5/14,110228,,2015/5/14,4503,,2015/5/14,24891,,2015/5/14,9077
2015/5/15,16076,,2015/5/15,110426,,2015/5/15,4554,,2015/5/15,25014,,2015/5/15,9077
2015/5/16,11393,,2015/5/16,90298,,2015/5/16,3066,,2015/5/16,18963,,2015/5/16,7762
2015/5/17,15877,,2015/5/17,107178,,2015/5/17,4335,,2015/5/17,23306,,2015/5/17,9219
2015/5/18,15854,,2015/5/18,110348,,2015/5/18,4515,,2015/5/18,25224,,2015/5/18,9473
2015/5/19,15554,,2015/5/19,109155,,2015/5/19,4659,,2015/5/19,24605,,2015/5/19,8736
2015/5/20,15895,,2015/5/20,109001,,2015/5/20,4604,,2015/5/20,24555,,2015/5/20,8763
2015/5/21,16055,,2015/5/21,110455,,2015/5/21,4503,,2015/5/21,25119,,2015/5/21,9577
2015/5/22,16193,,2015/5/22,111455,,2015/5/22,4601,,2015/5/22,25264,,2015/5/22,9545
2015/5/23,11696,,2015/5/23,86042,,2015/5/23,2961,,2015/5/23,17911,,2015/5/23,7219
2015/5/24,12723,,2015/5/24,82875,,2015/5/24,3052,,2015/5/24,17440,,2015/5/24,7611
2015/5/25,15243,,2015/5/25,100906,,2015/5/25,3956,,2015/5/25,22609,,2015/5/25,9455
2015/5/26,15584,,2015/5/26,109879,,2015/5/26,4506,,2015/5/26,24570,,2015/5/26,9346
2015/5/27,15737,,2015/5/27,109247,,2015/5/27,4614,,2015/5/27,24745,,2015/5/27,9037
2015/5/28,16168,,2015/5/28,110122,,2015/5/28,4422,,2015/5/28,25213,,2015/5/28,9873
2015/5/29,16223,,2015/5/29,111101,,2015/5/29,4601,,2015/5/29,25540,,2015/5/29,9899
2015/5/30,11211,,2015/5/30,90798,,2015/5/30,3106,,2015/5/30,19092,,2015/5/30,7610
2015/5/31,15838,,2015/5/31,107899,,2015/5/31,4135,,2015/5/31,23575,,2015/5/31,9887
2015/6/1,15908,,2015/6/1,111053,,2015/6/1,4532,,2015/6/1,25412,,2015/6/1,10120
2015/6/2,15622,,2015/6/2,109712,,2015/6/2,4553,,2015/6/2,25025,,2015/6/2,9382
2015/6/3,15849,,2015/6/3,108409,,2015/6/3,4709,,2015/6/3,25033,,2015/6/3,9446
2015/6/4,18275,,2015/6/4,109775,,2015/6/4,4331,,2015/6/4,26656,,2015/6/4,10555
2015/6/5,18129,,2015/6/5,110797,,2015/6/5,4297,,2015/6/5,26971,,2015/6/5,10725
2015/6/6,14229,,2015/6/6,89891,,2015/6/6,3022,,2015/6/6,19699,,2015/6/6,9149
2015/6/7,17499,,2015/6/7,108199,,2015/6/7,4043,,2015/6/7,25309,,2015/6/7,10680
2015/6/8,17762,,2015/6/8,110698,,2015/6/8,4330,,2015/6/8,26315,,2015/6/8,10692
2015/6/9,17226,,2015/6/9,110013,,2015/6/9,4374,,2015/6/9,25936,,2015/6/9,10428
2015/6/10,17767,,2015/6/10,109711,,2015/6/10,4446,,2015/6/10,26203,,2015/6/10,10118
2015/6/11,17724,,2015/6/11,109731,,2015/6/11,4288,,2015/6/11,26604,,2015/6/11,10787
2015/6/12,18105,,2015/6/12,110664,,2015/6/12,4370,,2015/6/12,26595,,2015/6/12,10907
2015/6/13,14604,,2015/6/13,89883,,2015/6/13,2928,,2015/6/13,19432,,2015/6/13,9493
2015/6/14,17722,,2015/6/14,108317,,2015/6/14,4006,,2015/6/14,25281,,2015/6/14,10729
2015/6/15,17793,,2015/6/15,110303,,2015/6/15,4330,,2015/6/15,26383,,2015/6/15,10727
2015/6/16,17224,,2015/6/16,109790,,2015/6/16,4367,,2015/6/16,26108,,2015/6/16,10241
2015/6/17,17585,,2015/6/17,109543,,2015/6/17,4377,,2015/6/17,26356,,2015/6/17,10041
2015/6/18,17792,,2015/6/18,110404,,2015/6/18,4379,,2015/6/18,26329,,2015/6/18,10623
2015/6/19,18190,,2015/6/19,111229,,2015/6/19,4337,,2015/6/19,26943,,2015/6/19,11167
2015/6/20,14706,,2015/6/20,90019,,2015/6/20,2972,,2015/6/20,19438,,2015/6/20,9576
2015/6/21,17812,,2015/6/21,108686,,2015/6/21,4043,,2015/6/21,25736,,2015/6/21,10638
2015/6/22,17786,,2015/6/22,110611,,2015/6/22,4330,,2015/6/22,26393,,2015/6/22,10674
2015/6/23,17217,,2015/6/23,109854,,2015/6/23,4374,,2015/6/23,26385,,2015/6/23,10452
2015/6/24,17518,,2015/6/24,108445,,2015/6/24,4417,,2015/6/24,26357,,2015/6/24,10242
2015/6/25,17998,,2015/6/25,110123,,2015/6/25,4330,,2015/6/25,26840,,2015/6/25,10923
2015/6/26,18337,,2015/6/26,110389,,2015/6/26,4330,,2015/6/26,26710,,2015/6/26,11202
2015/6/27,14973,,2015/6/27,90763,,2015/6/27,2895,,2015/6/27,19822,,2015/6/27,9390
2015/6/28,16159,,2015/6/28,107424,,2015/6/28,3680,,2015/6/28,23417,,2015/6/28,9474
2015/6/29,15733,,2015/6/29,110396,,2015/6/29,3815,,2015/6/29,23716,,2015/6/29,8701
2015/6/30,14600,,2015/6/30,106146,,2015/6/30,3543,,2015/6/30,22418,,2015/6/30,9259
2015/7/1,17527,,2015/7/1,108158,,2015/7/1,4155,,2015/7/1,24538,,2015/7/1,10823
2015/7/2,18001,,2015/7/2,111436,,2015/7/2,4422,,2015/7/2,24816,,2015/7/2,11637
2015/7/3,13585,,2015/7/3,83467,,2015/7/3,2302,,2015/7/3,18464,,2015/7/3,8255
2015/7/4,11493,,2015/7/4,74646,,2015/7/4,2470,,2015/7/4,16880,,2015/7/4,8640
2015/7/5,18026,,2015/7/5,108757,,2015/7/5,4340,,2015/7/5,24466,,2015/7/5,11494
2015/7/6,18049,,2015/7/6,112299,,2015/7/6,4396,,2015/7/6,25327,,2015/7/6,11578
2015/7/7,17430,,2015/7/7,110729,,2015/7/7,4433,,2015/7/7,25136,,2015/7/7,11160
2015/7/8,17818,,2015/7/8,111052,,2015/7/8,4395,,2015/7/8,25134,,2015/7/8,11160
2015/7/9,18165,,2015/7/9,111724,,2015/7/9,4396,,2015/7/9,25334,,2015/7/9,11400
2015/7/10,18509,,2015/7/10,112198,,2015/7/10,4389,,2015/7/10,25499,,2015/7/10,11397
2015/7/11,15141,,2015/7/11,91240,,2015/7/11,2746,,2015/7/11,19002,,2015/7/11,10661
2015/7/12,18325,,2015/7/12,109058,,2015/7/12,4251,,2015/7/12,24312,,2015/7/12,11378
2015/7/13,17989,,2015/7/13,112602,,2015/7/13,4396,,2015/7/13,25332,,2015/7/13,11404
2015/7/14,17469,,2015/7/14,111090,,2015/7/14,4426,,2015/7/14,25042,,2015/7/14,10993
2015/7/15,17965,,2015/7/15,111645,,2015/7/15,4388,,2015/7/15,25306,,2015/7/15,10995
2015/7/16,17802,,2015/7/16,111123,,2015/7/16,4359,,2015/7/16,25382,,2015/7/16,11544
2015/7/17,18256,,2015/7/17,112381,,2015/7/17,4396,,2015/7/17,25407,,2015/7/17,11444
2015/7/18,15127,,2015/7/18,91331,,2015/7/18,2746,,2015/7/18,19049,,2015/7/18,10798
2015/7/19,18398,,2015/7/19,108413,,2015/7/19,4251,,2015/7/19,24379,,2015/7/19,11728
2015/7/20,18346,,2015/7/20,111923,,2015/7/20,4405,,2015/7/20,25486,,2015/7/20,11511
2015/7/21,17861,,2015/7/21,110514,,2015/7/21,4514,,2015/7/21,25213,,2015/7/21,11009
2015/7/22,18116,,2015/7/22,110914,,2015/7/22,4388,,2015/7/22,25107,,2015/7/22,11033
2015/7/23,18540,,2015/7/23,110972,,2015/7/23,4396,,2015/7/23,25323,,2015/7/23,11433
2015/7/24,18350,,2015/7/24,111837,,2015/7/24,4396,,2015/7/24,25467,,2015/7/24,11497
2015/7/25,15258,,2015/7/25,91152,,2015/7/25,2746,,2015/7/25,18948,,2015/7/25,10962
2015/7/26,18346,,2015/7/26,108244,,2015/7/26,4251,,2015/7/26,24352,,2015/7/26,11448
2015/7/27,18143,,2015/7/27,111976,,2015/7/27,4433,,2015/7/27,25267,,2015/7/27,11437
2015/7/28,17698,,2015/7/28,110702,,2015/7/28,4433,,2015/7/28,25264,,2015/7/28,11000
2015/7/29,17977,,2015/7/29,110954,,2015/7/29,4388,,2015/7/29,25201,,2015/7/29,11031
2015/7/30,18404,,2015/7/30,111698,,2015/7/30,4403,,2015/7/30,25309,,2015/7/30,11400
2015/7/31,18519,,2015/7/31,112494,,2015/7/31,4359,,2015/7/31,25622,,2015/7/31,11444
2015/8/1,14940,,2015/8/1,90866,,2015/8/1,2746,,2015/8/1,19274,,2015/8/1,11094
2015/8/2,18296,,2015/8/2,108459,,2015/8/2,4246,,2015/8/2,24597,,2015/8/2,11477
2015/8/3,18276,,2015/8/3,112166,,2015/8/3,4396,,2015/8/3,25628,,2015/8/3,11924
2015/8/4,17644,,2015/8/4,110708,,2015/8/4,4436,,2015/8/4,25455,,2015/8/4,11712
2015/8/5,17967,,2015/8/5,110697,,2015/8/5,4388,,2015/8/5,25538,,2015/8/5,11760
2015/8/6,18402,,2015/8/6,111265,,2015/8/6,4443,,2015/8/6,25461,,2015/8/6,11501
2015/8/7,18468,,2015/8/7,112263,,2015/8/7,4396,,2015/8/7,26013,,2015/8/7,11618
2015/8/8,15015,,2015/8/8,91027,,2015/8/8,2783,,2015/8/8,19376,,2015/8/8,11035
2015/8/9,18557,,2015/8/9,107925,,2015/8/9,4298,,2015/8/9,24628,,2015/8/9,11545
2015/8/10,18384,,2015/8/10,112031,,2015/8/10,4389,,2015/8/10,25935,,2015/8/10,11959
2015/8/11,17836,,2015/8/11,110624,,2015/8/11,4438,,2015/8/11,25872,,2015/8/11,11730
2015/8/12,18134,,2015/8/12,110291,,2015/8/12,4388,,2015/8/12,25984,,2015/8/12,11774
2015/8/13,18564,,2015/8/13,111177,,2015/8/13,4443,,2015/8/13,25725,,2015/8/13,11589
2015/8/14,18571,,2015/8/14,111775,,2015/8/14,4396,,2015/8/14,25867,,2015/8/14,11779
2015/8/15,15184,,2015/8/15,90964,,2015/8/15,2926,,2015/8/15,19803,,2015/8/15,11061
2015/8/16,18486,,2015/8/16,107855,,2015/8/16,4298,,2015/8/16,24758,,2015/8/16,11397
2015/8/17,18565,,2015/8/17,112035,,2015/8/17,4481,,2015/8/17,25893,,2015/8/17,11728
2015/8/18,17706,,2015/8/18,110009,,2015/8/18,4470,,2015/8/18,25278,,2015/8/18,11360
2015/8/19,18381,,2015/8/19,109848,,2015/8/19,4473,,2015/8/19,25394,,2015/8/19,11323
2015/8/20,18705,,2015/8/20,110418,,2015/8/20,4565,,2015/8/20,25847,,2015/8/20,11767
2015/8/21,18591,,2015/8/21,110682,,2015/8/21,4550,,2015/8/21,26025,,2015/8/21,11933
2015/8/22,14763,,2015/8/22,85894,,2015/8/22,2979,,2015/8/22,19026,,2015/8/22,11583
2015/8/23,18144,,2015/8/23,107172,,2015/8/23,4280,,2015/8/23,25327,,2015/8/23,11578
2015/8/24,18632,,2015/8/24,111692,,2015/8/24,4470,,2015/8/24,25570,,2015/8/24,11764
2015/8/25,17862,,2015/8/25,110891,,2015/8/25,4427,,2015/8/25,25613,,2015/8/25,11558
2015/8/26,18208,,2015/8/26,110360,,2015/8/26,4466,,2015/8/26,25530,,2015/8/26,11549
2015/8/27,18713,,2015/8/27,110736,,2015/8/27,4473,,2015/8/27,25563,,2015/8/27,11769
2015/8/28,18699,,2015/8/28,110502,,2015/8/28,4510,,2015/8/28,25808,,2015/8/28,11670
2015/8/29,13826,,2015/8/29,80229,,2015/8/29,3023,,2015/8/29,18967,,2015/8/29,10953
2015/8/30,17274,,2015/8/30,103922,,2015/8/30,3633,,2015/8/30,23612,,2015/8/30,11564
2015/8/31,18392,,2015/8/31,112230,,2015/8/31,4600,,2015/8/31,25155,,2015/8/31,11319
2015/9/1,16167,,2015/9/1,109974,,2015/9/1,4593,,2015/9/1,21690,,2015/9/1,9364
2015/9/2,16109,,2015/9/2,110222,,2015/9/2,4556,,2015/9/2,20754,,2015/9/2,9074
2015/9/3,17209,,2015/9/3,112057,,2015/9/3,4647,,2015/9/3,22081,,2015/9/3,10003
2015/9/4,17467,,2015/9/4,111974,,2015/9/4,4647,,2015/9/4,22272,,2015/9/4,9924
2015/9/5,11761,,2015/9/5,77388,,2015/9/5,2533,,2015/9/5,15942,,2015/9/5,7216
2015/9/6,13975,,2015/9/6,84678,,2015/9/6,3322,,2015/9/6,17442,,2015/9/6,8300
2015/9/7,14527,,2015/9/7,101405,,2015/9/7,3952,,2015/9/7,19583,,2015/9/7,8396
2015/9/8,15310,,2015/9/8,103682,,2015/9/8,4273,,2015/9/8,21603,,2015/9/8,9268
2015/9/9,15473,,2015/9/9,96011,,2015/9/9,3535,,2015/9/9,19678,,2015/9/9,8836
2015/9/10,14880,,2015/9/10,102892,,2015/9/10,4008,,2015/9/10,19820,,2015/9/10,9561
2015/9/11,15061,,2015/9/11,103930,,2015/9/11,3952,,2015/9/11,19291,,2015/9/11,9621
2015/9/12,12517,,2015/9/12,78500,,2015/9/12,2665,,2015/9/12,15277,,2015/9/12,7219
2015/9/13,17022,,2015/9/13,105979,,2015/9/13,4312,,2015/9/13,20433,,2015/9/13,9663
2015/9/14,15776,,2015/9/14,111190,,2015/9/14,4559,,2015/9/14,19245,,2015/9/14,9552
2015/9/15,15777,,2015/9/15,110028,,2015/9/15,4566,,2015/9/15,19733,,2015/9/15,9288
2015/9/16,17097,,2015/9/16,110359,,2015/9/16,4522,,2015/9/16,21167,,2015/9/16,9293
2015/9/17,17421,,2015/9/17,110713,,2015/9/17,4529,,2015/9/17,22130,,2015/9/17,9578
2015/9/18,17343,,2015/9/18,110708,,2015/9/18,4599,,2015/9/18,22364,,2015/9/18,9756
2015/9/19,12332,,2015/9/19,84722,,2015/9/19,2718,,2015/9/19,16358,,2015/9/19,7622
2015/9/20,17233,,2015/9/20,106073,,2015/9/20,4312,,2015/9/20,20395,,2015/9/20,9592
2015/9/21,16888,,2015/9/21,111230,,2015/9/21,4522,,2015/9/21,21800,,2015/9/21,9571
2015/9/22,15705,,2015/9/22,109527,,2015/9/22,4519,,2015/9/22,19584,,2015/9/22,9312
2015/9/23,16185,,2015/9/23,109880,,2015/9/23,4482,,2015/9/23,19465,,2015/9/23,9148
2015/9/24,17244,,2015/9/24,110716,,2015/9/24,4522,,2015/9/24,22238,,2015/9/24,9811
2015/9/25,17415,,2015/9/25,110586,,2015/9/25,4599,,2015/9/25,22463,,2015/9/25,9756
2015/9/26,12374,,2015/9/26,84255,,2015/9/26,2842,,2015/9/26,16427,,2015/9/26,7633
2015/9/27,17031,,2015/9/27,105467,,2015/9/27,4286,,2015/9/27,20400,,2015/9/27,9669
2015/9/28,16893,,2015/9/28,111583,,2015/9/28,4562,,2015/9/28,22303,,2015/9/28,9553
2015/9/29,16744,,2015/9/29,109634,,2015/9/29,4377,,2015/9/29,21409,,2015/9/29,9349
2015/9/30,16944,,2015/9/30,110703,,2015/9/30,4491,,2015/9/30,21277,,2015/9/30,9083
2015/11/1,17037,,2015/11/1,106837,,2015/11/1,4222,,2015/11/1,22713,,2015/11/1,8308
2015/11/2,16930,,2015/11/2,113487,,2015/11/2,4364,,2015/11/2,23972,,2015/11/2,8210
2015/11/3,15572,,2015/11/3,104082,,2015/11/3,4057,,2015/11/3,21833,,2015/11/3,8077
2015/11/4,16407,,2015/11/4,111921,,2015/11/4,4364,,2015/11/4,23446,,2015/11/4,8388
2015/11/5,17494,,2015/11/5,112855,,2015/11/5,4364,,2015/11/5,24392,,2015/11/5,8573
2015/11/6,17534,,2015/11/6,112017,,2015/11/6,4364,,2015/11/6,24128,,2015/11/6,8388
2015/11/7,13268,,2015/11/7,82976,,2015/11/7,2357,,2015/11/7,17383,,2015/11/7,6432
2015/11/8,16816,,2015/11/8,107503,,2015/11/8,4222,,2015/11/8,22392,,2015/11/8,8344
2015/11/9,16984,,2015/11/9,112810,,2015/11/9,4357,,2015/11/9,23699,,2015/11/9,8115
2015/11/10,16606,,2015/11/10,112448,,2015/11/10,4327,,2015/11/10,22759,,2015/11/10,8113
2015/11/11,16259,,2015/11/11,111612,,2015/11/11,4373,,2015/11/11,23325,,2015/11/11,8344
2015/11/12,17448,,2015/11/12,112927,,2015/11/12,4324,,2015/11/12,24079,,2015/11/12,8381
2015/11/13,17527,,2015/11/13,112543,,2015/11/13,4364,,2015/11/13,24149,,2015/11/13,8333
2015/11/14,13258,,2015/11/14,83047,,2015/11/14,2357,,2015/11/14,17297,,2015/11/14,6421
2015/11/15,16914,,2015/11/15,107474,,2015/11/15,4262,,2015/11/15,22434,,2015/11/15,8421
2015/11/16,16893,,2015/11/16,112877,,2015/11/16,4400,,2015/11/16,23799,,2015/11/16,8121
2015/11/17,16545,,2015/11/17,112130,,2015/11/17,4319,,2015/11/17,22821,,2015/11/17,8040
2015/11/18,16303,,2015/11/18,111611,,2015/11/18,4364,,2015/11/18,23652,,2015/11/18,8293
2015/11/19,17637,,2015/11/19,113843,,2015/11/19,4364,,2015/11/19,24532,,2015/11/19,8377
2015/11/20,17754,,2015/11/20,112968,,2015/11/20,4404,,2015/11/20,24492,,2015/11/20,8366
2015/11/21,12953,,2015/11/21,83535,,2015/11/21,2357,,2015/11/21,17356,,2015/11/21,6476
2015/11/22,13944,,2015/11/22,92957,,2015/11/22,3087,,2015/11/22,18762,,2015/11/22,7355
2015/11/23,14729,,2015/11/23,95925,,2015/11/23,3145,,2015/11/23,19250,,2015/11/23,7070
2015/11/24,15870,,2015/11/24,105861,,2015/11/24,3938,,2015/11/24,22695,,2015/11/24,7584
2015/11/25,16451,,2015/11/25,111156,,2015/11/25,4140,,2015/11/25,23547,,2015/11/25,8366
2015/11/26,9530,,2015/11/26,68213,,2015/11/26,2257,,2015/11/26,13933,,2015/11/26,4505
2015/11/27,10696,,2015/11/27,81299,,2015/11/27,2311,,2015/11/27,14025,,2015/11/27,5274
2015/11/28,16200,,2015/11/28,105119,,2015/11/28,4040,,2015/11/28,22116,,2015/11/28,7858
2015/11/29,17950,,2015/11/29,120515,,2015/11/29,4324,,2015/11/29,24663,,2015/11/29,8719
2015/11/30,16820,,2015/11/30,114040,,2015/11/30,4245,,2015/11/30,23672,,2015/11/30,7930
2015/12/1,15168,,2015/12/1,107579,,2015/12/1,4201,,2015/12/1,22850,,2015/12/1,7347
2015/12/2,14794,,2015/12/2,106304,,2015/12/2,4186,,2015/12/2,22037,,2015/12/2,7693
2015/12/3,15671,,2015/12/3,107883,,2015/12/3,4283,,2015/12/3,24076,,2015/12/3,7641
2015/12/4,15708,,2015/12/4,107205,,2015/12/4,4281,,2015/12/4,23983,,2015/12/4,7826
2015/12/5,11790,,2015/12/5,77020,,2015/12/5,2221,,2015/12/5,16522,,2015/12/5,6295
2015/12/6,15342,,2015/12/6,99709,,2015/12/6,3777,,2015/12/6,21937,,2015/12/6,7586
2015/12/7,15597,,2015/12/7,107279,,2015/12/7,4283,,2015/12/7,23674,,2015/12/7,7648
2015/12/8,15238,,2015/12/8,105836,,2015/12/8,4059,,2015/12/8,22924,,2015/12/8,7336
2015/12/9,15007,,2015/12/9,106116,,2015/12/9,4315,,2015/12/9,22284,,2015/12/9,7710
2015/12/10,15938,,2015/12/10,107344,,2015/12/10,4365,,2015/12/10,24277,,2015/12/10,7752
2015/12/11,15747,,2015/12/11,107204,,2015/12/11,4283,,2015/12/11,24045,,2015/12/11,7826
2015/12/12,11884,,2015/12/12,76618,,2015/12/12,2366,,2015/12/12,16783,,2015/12/12,6288
2015/12/13,15393,,2015/12/13,99143,,2015/12/13,3690,,2015/12/13,22025,,2015/12/13,7600
2015/12/14,15749,,2015/12/14,107101,,2015/12/14,4363,,2015/12/14,23644,,2015/12/14,7664
2015/12/15,15027,,2015/12/15,106256,,2015/12/15,4148,,2015/12/15,22579,,2015/12/15,7371
2015/12/16,15183,,2015/12/16,105708,,2015/12/16,4310,,2015/12/16,22362,,2015/12/16,7723
2015/12/17,15607,,2015/12/17,107117,,2015/12/17,4373,,2015/12/17,23774,,2015/12/17,7752
2015/12/18,15940,,2015/12/18,106592,,2015/12/18,4108,,2015/12/18,25100,,2015/12/18,7786
2015/12/19,15545,,2015/12/19,83731,,2015/12/19,2524,,2015/12/19,24118,,2015/12/19,8997
2015/12/20,17529,,2015/12/20,94680,,2015/12/20,3002,,2015/12/20,27386,,2015/12/20,9628
2015/12/21,15982,,2015/12/21,93037,,2015/12/21,2853,,2015/12/21,26911,,2015/12/21,9130
2015/12/22,16057,,2015/12/22,93410,,2015/12/22,2855,,2015/12/22,26473,,2015/12/22,9171
2015/12/23,16301,,2015/12/23,93913,,2015/12/23,2713,,2015/12/23,26762,,2015/12/23,9467
2015/12/24,11206,,2015/12/24,74816,,2015/12/24,2460,,2015/12/24,20200,,2015/12/24,7083
2015/12/25,10910,,2015/12/25,65387,,2015/12/25,1996,,2015/12/25,20670,,2015/12/25,6243
2015/12/26,16255,,2015/12/26,84944,,2015/12/26,2198,,2015/12/26,24006,,2015/12/26,9138
2015/12/27,17381,,2015/12/27,94759,,2015/12/27,2771,,2015/12/27,27330,,2015/12/27,9460
2015/12/28,16256,,2015/12/28,93929,,2015/12/28,2856,,2015/12/28,26607,,2015/12/28,9141
2015/12/29,16369,,2015/12/29,93730,,2015/12/29,2771,,2015/12/29,25931,,2015/12/29,9148
2015/12/30,16520,,2015/12/30,93986,,2015/12/30,2674,,2015/12/30,26490,,2015/12/30,9522
2015/12/31,11625,,2015/12/31,77329,,2015/12/31,2324,,2015/12/31,16282,,2015/12/31,1145
